Organizations,About,Technology,Category,Topics
52°North Initiative for Geospatial Open Source Software GmbH,52°North works on innovative ideas and technologies in geoinformatics,"javascript, android, web,  java",Science and Medicine,"ogc, web processing, sensorweb, floating car data, earth observation"
AboutCode.org,Find the origin and license of code,"python,  javascript, nlp, automaton, search",Other,"license-scan, oss licensing, package managers, copyright, license compliance"
AerospaceResearch.net,making space together,"python,  c/c++, vhdl, boinc, java",Science and Medicine,"cubesats, space applications, software defined radio, distributed computing, simulations"
aimacode,"Code for the book ""Artificial Intelligence: A Modern Approach""","python, python 3,  java,  javascript, machine learning",Programming Languages and Development Tools,"machine learning, artificial intelligence,  education, open education"
Amahi,Making Home Networking and Storage Simple,"golang, ruby on rails,  android, ios, containers",End User Applications,"media server, storage server, streaming, backups, web apps"
Android Graphics Tools Team,Providing excellent tools for graphics developers and driver makers,"opengl, vulkan, spir-v, java,  c/c++",Programming Languages and Development Tools,"2d/3d graphics, developer tools, debugging, testing, bug finding"
AOSSIE - Australian Open Source Software Innovation and Education,Australian Umbrella Org for Open-Source Projects,"scala, javascript, isabelle proof assistant, android, ios",End User Applications,"electronic voting, natural language processing, environment, machine learning, philosophy"
Apertium,A free/open-source machine translation platform,"c++, python, xml, bash",Other,"machine translation, natural language processing, less-resourced languages"
apertus° Association,open technology for professional film production,"fpga, embedded, vhdl, c, linux",Graphics / Video / Audio / Virtual Reality,"image processing, camera, vision, fpga, embedded systems"
API Client Tools at Google,Industry-leading user experiences for networked APIs.,"openapi, grpc, protocol buffers, rpc, rest",Programming Languages and Development Tools,"apis, automation, code generation, api description"
appleseedhq,A modern open source rendering engine for animation and visual effects,"c++11, python, opengl",Graphics / Video / Audio / Virtual Reality,"computer graphics, image synthesis, rendering, animation, simulation"
Ardupilot.org,The worlds most advanced open source autopilot,"drones, python, linux, robotics, c/c++",Other,"vison, robotics, embedded systems, real-time os, drones"
Bazel,"Build and test software of any size, quickly and reliably","windows,  c/c++,  java, bazel",Programming Languages and Development Tools,"build tools, developer tools"
BeagleBoard.org,Open hardware computing from kindergarten to kickstarter,"raspberry pi, linux kernel, javascript, python, hardware acceleration",Other,"real time,  robotics, hardware, machine learning, privacy/security"
Berkman Klein Center for Internet and Society,"Exploring cyberspace, sharing in its study, & helping to pioneer its development","ruby on rails, meteor.js, elasticsearch,  python,  java",Other,"web, research, education, internet freedom, internet censorship"
"Biomedical Informatics, Emory University","Department of Biomedical Informatics (BMI), Emory University School of Medicine","python, java, deep learning, medical imaging, tensorflow",Science and Medicine,"data integration, distributed systems, cloud, precision medicine, science and medicine"
Blender Foundation,"Free and open source 3D creation for everyone, forever.","c, c++, python, opengl",Graphics / Video / Audio / Virtual Reality,"3d, modeling, rendering, animation, vfx"
Boost C++,Boost provides free peer-reviewed portable C++ source libraries,c++ libraries c++11 c++14 c++17 c++20,Programming Languages and Development Tools,c++ libraries c++ standard
BRL-CAD,"Solid geometry, computer graphics, 3D printing, modeling, CAD, CAM, & other CAx!","c/c++, opengl, opencl, python, javascript",Graphics / Video / Audio / Virtual Reality,"ray tracing, solid geometry, 2d/3d graphics, cad/cam/cae, performance"
Buildroot,Making Embedded Linux easy,"gnu make, kconfig, python, shell",Programming Languages and Development Tools,"embedded systems, linux, build tools, compilation"
Canadian Center for Computational Genomics,Analytical solutions for Next-Generation Sequencing data,"python,  r-project,  javascript,  react,  nodejs",Science and Medicine,"bioinformatics,  science,  visualization,  statistics,  web"
Catrobat,Computational Thinking for All with Free Visual Coding Apps,"java, android, swift, symfony",Programming Languages and Development Tools,"visual programming, app development, gaming, web"
cBioPortal for Cancer Genomics,Developing open source solutions for discovery from complex cancer data,"java, javascript, reactjs, database, web apps",Data and Databases,"genomics, bioinformatics, big data, data visualization, cancer research"
CBMI@UTHSC,We develop Biomedical and Clinical informatics applications,"reactjs,  python, flask, javascript, tensorflow",Science and Medicine,"machine learning, deep learning, sepsis prediction, sepsis detection,  web applications"
CCExtractor Development,"Tools to make the world more accessible, starting with media","ai, c, python, cloud, javascript",Graphics / Video / Audio / Virtual Reality,"vision, ai, subtitles, accessibility, tv"
Center for Research in Open Source Software at UC Santa Cruz,Bridging Gap Between Student Work and Successful Open Souce Projects,"python,  javascript,  c/c++, verilog",Other,"cloud databases, reproducibility, ceph, architecture, generative text"
CERN-HSF,Umbrella organization for Particle (High-Energy) Physics-related projects," c/c++, python, data analysis, parallelization, machine learning",Science and Medicine,"physics, particle physics, high-energy physics, big data, machine learning"
CGAL project,C++ library of computational geometry and geometry processing,"c++, git, swig, python",Science and Medicine,"computational geometry, geometry processing, mesh processing, arrangement, point set processing"
CHAOSS,Aimed at improving our understanding of open source health and sustainability,"python, javascript, jupyter, mysql, elasicsearch",Social / Communications,"community, health, sustainability, metrics"
Chapel,a Productive Parallel Programming Language,"chapel, python, high performance computing, c, c++",Programming Languages and Development Tools,"programming languages, compilers, high performance computing, distributed computing, parallel computing"
Checker Framework,"Prevent programming errors before they happen, via easy-to-use verification",java,Programming Languages and Development Tools,"pragrammer productivity, software engineering, verification, bug finding, programming languages"
CircuitVerse.org,Have fun exploring logic circuits right from your browser!,"rails,  javascript, postgresql, bootstrap, html5 canvas",Web,"web, simulations, pedagogy,  education, digital logic design"
CiviCRM,Growing and sustaining relationships,"php, mysql,  angularjs, javascript",Data and Databases,crm
"CLiPS, University of Antwerp",Computational Psycholinguistics," python,  javascript, mongodb",Data and Databases,"natural language processing, machine learning, artificial intelligence, text analytics, text generation"
Cloud Native Computing Foundation (CNCF),Sustaining and Integrating Cloud Native Open Source Technologies,"kubernetes, golang, prometheus, docker",Cloud,"cloud, containers"
CloudCV,Building platforms for reproducible AI research,"python 3, django, aws, angularjs, docker",Cloud,"machine learning, artificial intelligence, deep-learning, computer vision"
coala,Linting and Fixing Code for All Languages,"python 3,  java,  angularjs,  haskell,  docker",Programming Languages and Development Tools,"code analysis,  chatops,  devops"
Computational Biology @ University of Nebraska-Lincoln,"Tool development in bioinformatics, computational biology, data visualization","javascript, react, postgresql, webgl",Science and Medicine,"web application, bioinformatics, computational biology, data science, network biology"
coreboot,open source firmware projects,"c, assembler",Operating Systems,"firmware, hardware"
Creative Commons,"Nonprofit building tools to promote digital creativity, sharing, and innovation.","javascript, python, postgresql, wordpress, elasticsearch",Other,"copyleft, legal, nonprofit, web, creative commons"
CRIU (Checkpoint/Restore in User-space),CRIU (Checkpoint/Restore in User-space),"docker, linux, containers, kernel",Operating Systems,"cloud, save/restore, load-balancing, zero-downtime, migration"
Cuneiform Digital Library Initiative (CDLI),International digital library of artifacts inscribed with cuneiform writing,"python, php, mysql,  java, html/css",Data and Databases,"computer vision, nlp, lod, data processing pipeline, data-collection"
D Programming Language,"Fast code, fast.","dlang, linux, windows, osx, bsd",Programming Languages and Development Tools,"programming languages, object-oriented programming, functional programming, web programming, system programming"
DBpedia,Global and Unified Access to Knowledge.," apache spark,  python,  javascript, skala, java",Data and Databases,"semantic web,  linked data,  ontologies,  wikipedia, knowledge graph"
Debian,The Universal Operating System,"git, python, javascript,  c/c++, irc",Operating Systems," operating system, packaging"
Developers Italia,An open community of digital public services developers,"python, go, scala, node.js, html/css/js",Other,"open government, public code,  open source,  web applications, open data"
Digital Impact Alliance,Supporting open source projects for a digital society that serves everyone.," android, java, php, python, javascript",Other,"end user application, humanitarian, international, social good, charity"
Django Software Foundation,The web framework for perfectionists with deadlines.,"python, django",Web,web development
Drupal,"Drupal is a Free, Open, Modular CMS written in PHP. Let's make something amazing","php, symfony, sql, javascript, drupal 8",Web,"web development, content management, web application, martech, backend"
Earth Science Information Partners,Supporting community development of visionary Earth science data technology.,"python, kubernetes, jupyter, deep learning, gdal",Science and Medicine,"earth observation, cloud databases,  data visualisation, semantic web, data-science"
Fedora Project,"Fedora Linux is built on the foundations of Freedom, Friends, Features, & First"," python, html/css/js, rest, angular, golang",Operating Systems,"containers, linux, distribution, mobile, web development"
FFmpeg,"A complete, cross-platform solution to record, convert and stream multimedia.","c99, assembler",Graphics / Video / Audio / Virtual Reality,"video, audio, multimedia, image processing"
FOSDEM,The organization that handles all aspects of the FOSDEM conference,"javascript, grafana, voctomix, influxdb, ruby on rails",Programming Languages and Development Tools,"conference, web development, rails application, video processing"
FOSSASIA,Improving People's live with Open Tech,"javascript, python, java, reactjs, c",Other,"artificial intelligence, event management, open science, voice assistants, search"
FOSSology Project,FOSSology is an open source license compliance software system and toolkit.,"postgresql, php,  c/c++, jquery, bash",Other,"compliance, license-scan, oss licensing, spdx, oss compliance"
FrameNet Brasil at the Federal University of Juiz de Fora,Natural Language Understanding with structured computational semantics,"php, mysql, javascript,  python",Data and Databases,"natural language processing, multimodality, natural language understanding, image processing, machine translation"
Free and Open Source Silicon Foundation,Working together to improve the Free and Open Source Silicon ecosystem,"verilog, compiler, risc-v, web development, jenkins",Other,"hardware, web services, debug, simulation, electronic design tools"
FreeBSD,FreeBSD: The Foundation of the Internet," c/c++, llvm, shell script,  assembly, make",Operating Systems,"virtualization,  kernel, cloud,  embedded systems, security"
FreeType,FreeType font rendering library,"c, gnu make, gnu autotools, python, fonts",Graphics / Video / Audio / Virtual Reality,"fonts, truetype, opentype, rendering, graphics"
freifunk,Freifunk is a non-commercial initiative for free and open wireless networks.,"c, python, ruby, openwrt, html/css/js",Social / Communications,"network, embedded systems, web apps, wireless communications, software defined networking"
"Genes, Genomes and Variation",Authoritative databases of genome sequences and their function,"perl, mysql,  javascript,  python, rest",Science and Medicine,"genomics, data analysis, databases,  scientific visualization"
GENIVI Alliance,Developing open software for IVI and the connected car.,"yocto, embedded, automotive, some/ip",Other,"automotive, graphics, communication, bigdata,  embedded systems"
Gentoo Foundation,"A flexible, source-based Linux distribution.","shell script, bash,  c/c++,  python, linux kernel",Operating Systems,"operating systems, package management,  embedded systems, application security, init systems"
Git,"fast, scalable, distributed revision control system","c, shell, git",Programming Languages and Development Tools,"version-control, dvcs"
Global Alliance for Genomics and Health,We develop open standards and tools for genomics to benefit human health," java, mongodb, spring",Science and Medicine,"genomics, genetics, bioinformatics, web, standards"
GNOME,The elegant and ethical desktop experience,"c, javascript, gtk+, python, rust",Operating Systems,"desktop, design, operating system, end user application, application"
GNSS-SDR,An open source Global Navigation Satellite Systems software-defined receiver," c/c++, c++ libraries c++11 c++14 c++17 c++20, c++17, gnss, sdr",Science and Medicine,"gnss,  geolocation,  navigation,  software defined radio,  communications"
GNU Compiler Collection,A set of compilers produced by the GNU project," c/c++, gnu autotools",Programming Languages and Development Tools,"compilers, toolchain, openmp"
GNU Mailman,the GNU Mailing List Manager,"python 3, email, rest, django",End User Applications,email
GNU Octave,Free Your Numbers,"c++, hg",Programming Languages and Development Tools,"mathematics, numerical computation, numerical methods, matlab, scientific computing"
GNU Radio,GNU Radio: The free & open software radio ecosystem.,"python, c++, qt, android",Science and Medicine,"software defined radio, software radio, radar, wireless communications, digital signal processing"
Godot Engine,Multi-platform fully-featured 2D and 3D game engine,"c++, gdscript, opengl, cpp, github",Graphics / Video / Audio / Virtual Reality,"game engine,  graphics, game development, real time, cross-platform"
gprMax,Simulating electromagnetic wave propagation for Ground Penetrating Radar,"python, cuda, openmp, cython, mpi",Science and Medicine,"engineering, geophysics, science, electromagnetics, ground penetrating radar"
Haiku,Integrated operating system for personal computers,"c++, unix, posix, arm, x86",Operating Systems,"desktop, graphics, filesystems, drivers, kernel"
Haskell.Org,"Standardized, statically typed, lazy functional programming language","haskell, ghc, servant, codeworld, cabal",Programming Languages and Development Tools,"haskell, functional programming, education, build tools, compilers"
Hydra Ecosystem,Automate REST APIs. Next generation API clients.,"python, redis, flask, javascript, sql",Web,"semantic web, api, web, hydra, docker"
INCF,Advancing global collaborative brain research,"python, javascript, jupyter, c++, xml",Science and Medicine,"neuroscience, brain modelling, bio/neuro image processing, big data,  science"
Inkscape,"Inkscape is a professional vector graphics editor for Windows, Mac OS X & Linux.","svg, css, c++11, gtk,  python",Graphics / Video / Audio / Virtual Reality,vector graphics
Institut für Angewandte Informatik (InfAI) e.V.,Putting scientific research into practice.,"java,  javascript, a-frame, neo4j, htc vive",Graphics / Video / Audio / Virtual Reality,"virtual reality, software quality, visualization, software analytics,  web"
Intel Media And Audio For Linux,Intel Media And Audio For Linux,"video, audio, ffmpeg, gstreamer, hardware acceleration",Graphics / Video / Audio / Virtual Reality,"video processing, audio firmware, hardware accelerated media processing, video framework, video decoding/encoding"
InterMine,"Integrating biological data sources, making it easy to query and analyse data","java,  python,  javascript,  clojure,  r",Science and Medicine,"bioinformatics,  web,  open science,  biology,  data visualisation"
Internet Archive,Universal Access to All Knowledge,"python, javascript, node.js, php, elasticsearch",Other,"library, archive, web archives"
Internet Systems Consortium,We support the infrastructure of the Internet with Open Source," c/c++, c99, mysql, python, javascript",Other,"internet, networking, dhcp, dns, infrastructure"
JabRef,The open-source reference manager,"java, javafx, latex",End User Applications,"academia, reference manager, bibtex, pdf"
JBoss Community,Community of Java projects around JBoss Middleware,"java, golang, react",Programming Languages and Development Tools,"cloud, database, kubernetes, codeuino"
JdeRobot - Universidad Rey Juan Carlos,A software toolkit for developing applications in Robotics and Computer Vision," ros, gazebo,  python,  c/c++, opencv",Other,"robotics,  education, computer vision, developer tools"
Jenkins project,Open-source automation server for building great things at any scale," java,  javascript, docker, kubernetes, machine learning",Programming Languages and Development Tools,"continuous integration, continuous delivery, devops, developer tools, automation"
Joomla,"Joomla, the flexible platform empowering website creators.","php,  javascript, mysql, html/css, cms",Web,"web, web development, web application, programming languages, cms"
JSK Robotics Laboratory / The University of Tokyo,JSK is focusing on the fundamental functions & systems for intelligent robots,"ros, lisp",Science and Medicine,"robotics, ros"
Kapitan,Generic templated configuration management for kubernetes and more,"kubernetes, terraform, python, jinja2, jsonnet",Programming Languages and Development Tools,"cloud, kubernetes"
KDE Community,Experience Freedom!,"c++, qt, qt5",End User Applications,"privacy, deskstop, desktop application, education, science"
Kiwix,Internet content for people without internet access,"android, java, c++, python, javascript",End User Applications,offline access
KNIME,Open for Innovation,"javascript, java, tensorflow",Data and Databases,"data analytics, data science, machine learning, deep learning, image processing"
Kodi Foundation,The ultimate entertainment center,"c++, ffmpeg, sqlite, mysql, python",End User Applications,"media, video, audio, games"
LabLua,Programming Languages Research with emphasis on the Lua language,"lua,  céu",Programming Languages and Development Tools,"scripting languages,  reactive programming, kernel scripting"
Libre Space Foundation,Open-source software and hardware technologies for space," python, django, arduino, raspberry pi,  c/c++",Science and Medicine,"web applications, hardware, cubesats, space applications,  software defined radio"
LibreHealth,Healthcare for Humanity,"java, javascript, webcomponents, mysql",Science and Medicine,"web apps, ictd, health, global health, medicine"
LibreOffice,LibreOffice is a free and open source office suite.,"c++,  python,  java",End User Applications,"office suite, android, end user application, desktop application"
Libvirt,virtualization abstraction library,"virtualization, kvm, xen, c,  python",Cloud,"virtualization, virtual machine, libraries, cloud"
Linkerd,Ultralight service mesh for Kubernetes and beyond,"golang, rust, kubernetes,  react, prometheus",Cloud,"service mesh, cloud native, networking, kubernetes, dev-ops"
Liquid Galaxy project,Liquid Galaxy delivers panoramic views across multiple displays and computers,"python, nodejs, android, maps api",Other,"geo, visualization, cluster, data"
LLVM Compiler Infrastructure,LLVM Compiler Infrastructure,"llvm, clang",Programming Languages and Development Tools,"programming languages and development tools, compiler, code analysis"
LuaRocks,The Lua package manager and ecosystem,lua,Programming Languages and Development Tools,"programming languages, package managers, games"
MacPorts,Package manager for macOS,"tcl, c, python, scripting, web",End User Applications,"package management, macos, operating systems, build tools, libraries"
MariaDB Foundation,One of the most popular databases on the web with many notable users,"mariadb, mysql, c, c++,  java",Data and Databases,"databases, sql"
Matrix.org,"An open network for secure, decentralised communication","python, javascript,  nodejs, postgresql, go",Social / Communications,"decentralisation, realtime communications, federated, interoperability"
MBDyn - Multibody Dynamics,Scientific mechanical simulation tool for engineering research and development," python, c++, scripting",Science and Medicine,"mechanical engineering, aeronautics, multibody dynamics, aerodynamics, linear algebra"
MetaBrainz Foundation Inc,MetaBrainz curates and makes available metadata about music and books.,"python, perl, javascript, postgres, react",Data and Databases,"music, books, open data, metadata, community"
MIT App Inventor,Anyone Can Build Apps That Impact the World," java,  javascript,  android, google app engine, gwt",Programming Languages and Development Tools,"iot,  education, programming languages and development tools, mobile, api"
mlpack,"fast, flexible C++ machine learning library",c++,Data and Databases,"machine learning, data science, data mining, fast algorithms"
Moira,Moira is a realtime alerting system based on Graphite data,"golang,  javascript, typescript, grafana, graphite",Programming Languages and Development Tools," devops, alerting, monitoring, devtools, sre"
Moodle,Empowering educators to improve our world,"php,  javascript, sql, angular, ionic",Social / Communications," education,  web applications, e-learning, school system, learning management"
Mozilla,"The internet for people, not for profit.","javascript, python, rust, c++,  react",Web,"internet freedom, web technologies, privacy/security"
MuseScore,MuseScore is music notation software used by millions of musicians worldwide,"qt, c++, cmake",End User Applications,"music, notation, composing, midi, sheet music"
Named Data Networking Project,A Content-Centric Future Internet architecture,"java, android,  javascript, c++14, c#",Web,"networking, informationc centric networking, ipfs"
National Resource for Network Biology (NRNB),Developing open source software to enable network-based biomedical discovery,"java,  javascript, python, c++, web",Science and Medicine,"network biology, graphics, web application, scientific computing, data science"
Neovim,Vim-fork focused on extensibility and usability,"c, lua",Programming Languages and Development Tools,"editor, text editor, developer tools, system programming, cross-platform"
Netfilter project,"Firewalling, NAT and packet mangling for Linux","c, linux kernel",Operating Systems,"network security, software defined networking, network monitoring"
NumFOCUS,"Promoting open practices in research, data, and scientific computing.","python,  javascript, c/c++, r",Science and Medicine,"scientific computing, numerical computation, graphics, data science, pydata"
NV Access,Empowering lives through non-visual access to technology,"python, c++, ui automation, iaccessible2, win32 api",Other,"accessibility, blindness, screen reader, braille, text to speech"
Open Astronomy,Opening the eyes of research astronomy software to the whole world.,"python, julia, c++, numba",Science and Medicine,"visualisation, astronomy, solar physics, high energy astrophysics, orbital mechanics"
Open Bioinformatics Foundation,Promoting practice & philosophy of OSS & Open Science in biological research.,"python, perl, java, javascript, biojs",Science and Medicine,"computational biology, bioinformatics"
Open Chemistry,Advancing Open Source and Open Science for Chemistry,"c++, python, opengl, javascript, html",Science and Medicine,"chemistry, graphics,  scientific visualization, data science"
Open Data Kit,Open Data Kit is used to collect data for social good in difficult environments.,"android,  java",End User Applications,"mobile,  global development,  global health,  social good"
Open Roberta,Open Roberta® Lab is an online IDE introducing kids to program robots with NEPO®," java,  javascript",Programming Languages and Development Tools,"education,  web, visual programming, robotics"
Open Source Robotics Foundation,"Open source software for use in robotics research, education and industry","ros, gazebo, c++, python",Programming Languages and Development Tools,robotics
Open Technologies Aliance - GFOSS,Promote Openness through use and development of Open Standards and Open Source,"python,  javascript, gtk, qt, arduino",Programming Languages and Development Tools,"robotics, programming languages, open education, c- c+, java"
OpenCV,Open Source Computer Vision and Deep Learning Library,"c++, python",Graphics / Video / Audio / Virtual Reality,"vision, machine learning, robotics, deep learning"
OpenMRS,Write code. Save lives.," java,  javascript, spring, mysql,  android",Science and Medicine,"science and medicine, open source, medical record, developing countries"
OpenStreetMap,Creating and distributing free geographic data for the world.," javascript, ruby,  java,  c/c++",Data and Databases,"gis, geoinformatics, maps, crowdsourcing, open data"
OpenWISP,A Hackable Network Management System for the 21st Century,"python, django, javascript, ansible, openwrt",End User Applications,"networking, wifi, iot, configu, telecom"
Oppia Foundation,"Collaborative tools for creating free, effective and enjoyable online lessons","angularjs, python, javascript, app engine, css",Web,"education, web development, interactive, tools, community"
OSGeo,The Open Source Geospatial Foundation," c/c++,  python, sql, open source databases,  java",Other,"gis, maps, geoinformatics,  geolocation, computer vision"
OWASP Foundation,"OWASP, The Open Web Application Security Project.","python,  java, javascript, php",Security,"appsec, application security, secure development, sdlc, security"
PEcAn Project,"Ecosystem science, policy, and management informed by the best  data and models","r, python, postgresql,  docker, singularity",Science and Medicine,"ecosystem models, ecological forecasting,  scientific visualization, data science,  climate science"
Percona,Unbiased open source database experts.,"mysql, postgresql, prometheus, javascript, selenium",Data and Databases,"database optimization, metrics, testing, monitoring, databases"
Performance Co-Pilot,Performance Co-Pilot - system-level performance analysis toolkit,"python, redis, c, linux, javascript",Operating Systems,"high performance computing, kernel, performance, visualization, web development"
Pharo Consortium,The immersive programming experience,"pharo, squeak, smalltalk, ide, os",Programming Languages and Development Tools,"web development, data science, nlp, material design, cli"
phpMyAdmin,A web interface for MySQL written in PHP,"php, mysql, bootstrap, javascript, cakephp",Data and Databases,"mysql, developer, administrator, database, web applications"
Pitivi,Allowing everyone on the planet to express themselves through filmmaking,"python 3, gtk, gstreamer, c",Graphics / Video / Audio / Virtual Reality,"filmmaking, video editing, video processing"
PostgreSQL,The World's Most Advanced Open Source Database,"postgresql, sql, rdbms, c",Data and Databases,"data, database, big data"
Project PANOPTES,Discover New Worlds,"python 3, arduino, cloud",Science and Medicine,"astronomy, robotics, exoplanet, image processing"
Public Lab,Open hardware and software to help communities measure and analyze pollution,"ruby on rails, javascript, node.js, raspberry pi",Science and Medicine,"science, environment, collaboration, community, hardware"
Purr Data,Visual Programming Language for Realtime Multimedia,"javascript, node.js,  html5,  c/c++",Programming Languages and Development Tools,"real-time system, audio, digital signal processing, video, data visualization"
Python Software Foundation,Python is a programming language used by software developers and scientists.,python,Science and Medicine,"programming languages, science"
QEMU,Open source machine emulator and virtualizer,"linux, kvm, c, virtualization",Cloud,"emulator, hypervisor, lowlevel, code generation"
R project for statistical computing,R is a free software environment for statistical computing and graphics,"r-project, c, c++, fortran, javascript",Programming Languages and Development Tools,"data science, visualization, statistics, graphics, machine learning"
ReactOS,Open your windows to freedom!,"c, c++, nt, win32, php",Operating Systems,"operating systems, drivers, kernel, windows, web services"
Read the Docs,Documentation Simplified,"python, django, documentation, sphinx",Programming Languages and Development Tools,"documentation, web"
Red Hen Lab,Research on Multimodal Communication,"nlp, python, asr, opencv, machine learning",Science and Medicine,"multimedia, communication, big data, cognitive science, ai"
RoboComp,An open-source framework to develop and manage robot components.," python, c++11, component-based development, qt,  opencv",Other," robotics, computer vision, multi-agent system, component-based development"
Rocket.Chat,The ultimate open source team chat and collaboration platform," javascript, node.js,  react, ios,  android",Social / Communications,"collaboration, chat, chatbot, realtime communications, instant messaging"
RTEMS Project,RTEMS is a real-time operating system kernel used around the world and in space.,"c/c++,  python,  assembly,  posix ,  bsd unix",Operating Systems,"real time,  kernel,  embedded systems,  multicore,  iot cps"
Ruby,The Ruby programming language and other libraries,"ruby, c",Programming Languages and Development Tools,"programming languages, developer tools, web servers"
Ruby Science Foundation,Tools for scientific computation in Ruby,"ruby, c/c++, cuda, ai, machine learning",Science and Medicine,"scientific computing,  scientific visualization, data-science, hpc, linear algebra"
SageMath,open-source mathematics software system,"python, cython",Science and Medicine,"mathematics, education, research, math"
Salesforce,"From the kernel to the browser, open source projects from Salesforce.","scala,  apache spark, javascript,  nodejs, react",Cloud,"machine learning, natural language processing,  web applications, user interface, cli"
Samba,Samba is the standard Windows interoperability suite of programs for Linux/Unix.,"c, smb",Data and Databases,networking
SCoRe Lab (Sustainable Computing Research Lab),"SCoRe has conducted research covering various aspects of Security, Mobile & IOT.","python, nodejs, android, golang",Security,"information security, mobile, cloud, web development, machine learning"
ScummVM,ScummVM is a GSoC umbrella for game preservation projects," c/c++, sdl,  opengl,  assembly, lua",Other,"games, game engines, software preservation, software archeology"
shogun.ml,Unified and efficient Machine Learning,"c++11, c++17,  python, swig, cmake",Science and Medicine,"machine learning, scientific computing, software engineering, user experience, data science"
Software and Computational Systems Lab at LMU Munich,"Software Analysis, Software Verification, and Benchmarking","python, java, javascript",Programming Languages and Development Tools,"software analysis, benchmarking, result presentation, smt solver, software verification"
Software Heritage,The Great Library of Source Code," python,  javascript, postgres, django, git",Data and Databases,"digital preservation, source code archive, free and open source software, big data, big code"
SPDX (Software Product Data Exchange),Promoting open source compliance through standard communication of SW licenses.," python,  java, golang, xml",Programming Languages and Development Tools,"open source, compliance, licensing"
strace,linux syscall tracer,"linux, c, shell script, make, awk",Operating Systems,"diagnostic, debugging, tracing"
Submitty,Programming assignment submission with automated grading and manual TA grading,"php, python, postgresql, c++, javascript",Other,"education, privacy/security, web, data visualization, communication"
Sugar Labs,"Sugar is an activity-focused, open-source learning platform for children.","python, javascript",End User Applications,education
Swift,Swift is a high-performance application and system programming language.,"swift, programming languages, compilers, ios, server",Programming Languages and Development Tools,programming
SymbiFlow,A completely FOSS toolchain for FPGAs.,"verilog, fpga, xilinx",Programming Languages and Development Tools,"electronic design tools, programming languages and development tools"
SymPy,SymPy is a Python library for symbolic mathematics.,python,Science and Medicine,"math, computer algebra"
Synfig,Open-source 2D animation software,"c++, gtk, gtkmm",Graphics / Video / Audio / Virtual Reality,"animation, vector graphics"
syslog-ng,Open source log management solution with over a million users worldwide.,"c, python, rest, json, elasticsearch",Other,"log management, high performance data processing, build tools, data processing pipeline, reliable log transfer"
TensorFlow,An open-source machine learning framework for everyone.,"machine learning, deep learning,  python, c/c++, data analysis",Other,"deep learning, machine learning, python, data, data science"
The Apache Software Foundation,Providing open source software to the public free of charge," java,  c/c++",Other,"cloud, libraries, big data"
The Center for Connected Learning and Computer-Based Modeling,NetLogo: A language and IDE for programming and scientific simulations," javascript, scala",Programming Languages and Development Tools," education, simulation, research, programming languages"
The Eclipse Foundation,The Platform for Open Innovation and Collaboration,"java, jakarta,  javascript, openj9",Programming Languages and Development Tools,"ide, cloud, iot"
The GNU Project,GNU is an operating system that is free software and respects users' freedom,operating systems,Operating Systems,"gnu, free software"
The Honeynet Project,The Honeynet Project - R&D for Honeypot/Honeynet Technology and InfoSec Research,"python, go,  c/c++, linux, data analysis",Security,"honeynets, honeypots, deception, research, malware"
The Java Pathfinder Team,An extensible software analysis framework for Java bytecode,"java, jvm, bytecode, android, distributed systems",Programming Languages and Development Tools,"testing, software model checking, program analysis, concurrency, virtual machine"
The Julia Language,A fresh approach to Technical Computing,julia,Science and Medicine,"technical computing, scientific computing, data science, machine learning, numerical computing"
The Libreswan Project,Encrypting the Internet with IKE and IPsec.,"c, nss, virtualization, python, web",Security,"vpn, ipsec, ikev2, encryption"
The Linux Foundation,A non-profit consortium dedicated to fostering the growth of Linux,"c, c++, cups, ipp",Operating Systems,"printing, wireless, automotive, lsb, spdx"
The Mifos Initiative,End Poverty One Line of Code at a Time,"android, spring, java, angular, mysql",End User Applications,"fintech, ai, mobile banking, cloud, web"
The NetBSD Foundation,Of course it runs NetBSD,"c, bsd, make",Operating Systems,"kernel, userland, unix, packaging, bsd"
The ns-3 Network Simulator Project,ns-3 is a packet-level network simulator for research and education.," c/c++,  python",Other,"networking, research and development"
The Perl Foundation,Devoted to the advancement of the Perl languages through discussion and code,"c, perl, regular expressions, perl6, perl5",Programming Languages and Development Tools,"web services, natural language understanding, functional programming, concurrency, programming languages and development tools"
The Postgres Operator,A project to create an open-sourced managed Postgresql service for Kubernetes,"postgresql, kubernetes, golang, operator, patroni",Data and Databases,"cloud, cloud native, databases, database services, cloud databases"
The Processing Foundation,Our goal is to empower people of all backgrounds to learn how to program.,"java,  javascript,  python,  android,  opengl",Programming Languages and Development Tools,"creative coding,  graphics,  web,  education,  design"
The Terasology Foundation,Voxel world game/engine with a large focus on extensibility and developer tools,"java, lwjgl, opengl, blender, gradle",End User Applications,"game, sandbox, modding, minecraft, ai"
The Vega Project at the University of Washington,"Declarative formats & Applications for Creating, Saving & Sharing Visualizations","typescript, d3, vega, vega-lite, react",Web,"visualization, data-science"
The Wine Project,"Wine runs Windows applications on Linux, BSD, Solaris, macOS and Android.","c,  opengl,  directx,  x11,  win32",Other,"compatibility,  desktop integration,  3d,  directx,  opengl"
TimVideos.us,"Software & hardware for recording + streaming conferences, meetings, user groups","python, verilog, vhdl, c, fpga",Graphics / Video / Audio / Virtual Reality,"hardware,  embedded, video, fpga"
Tokio,The asynchronous run-time for the Rust programming language.,"tokio_rs, rust",Programming Languages and Development Tools,"rust, networking, windows, concurrency"
Tungsten Fabric,"Secure software defined networking for any cloud, anywhere.","linux, kubernetes,  python, networking,  c/c++",Cloud,"software defined networking, routing, security, multicloud"
UCSC Xena,Helping biologists see the bigger picture in diverse cancer genomics data,"javascript,  python,  clojure,  react",Science and Medicine,"genomics, cancer research,  scientific visualization, bioinformatics"
VideoLAN,VideoLAN is a team of volunteers believing in FOSS to rock the multimedia world.,"c, opengl, qt, assembly, c++",Graphics / Video / Audio / Virtual Reality,"video, multimedia, codecs, web, graphics"
webpack,webpack is THE build tool for modern web applications run on NodeJS,"javascript, web development, webasssembly, node.js, html5/css3",Web,"programming languages and development tools, tooling, toolchains, compilers, parser"
Wikimedia Foundation,Global movement whose mission is to bring free educational content to the world,"php, javascript, html, css, python",Web,"wikipedia, wikimedia, mediawiki, semantic web, i18n"
X.Org Foundation,"X Window System and related projects (Mesa, DRI, Wayland, etc.)","opengl, vulkan, x11, wayland, opencl",Graphics / Video / Audio / Virtual Reality,"graphics stack, 3d acceleration, media acceleration, 2d acceleration, windowing system"
Xapian Search Engine Library,"Fast, scalable and flexible search","c++, unicode, swig, linux",Data and Databases,"search, information retrieval, machine learning, linguistics, indexing"
Xi Editor,A modern text editor with a backend written in Rust.,"rust, swift",End User Applications,"ide, end user application, text editor"
XMPP Standards Foundation (XSF),Secure and federated communication with open standards,"asynchronous i/o, lua, xmpp, java, python 3",Social / Communications,"instant messaging, realtime communications, machine-to-machine, internet of things, xmpp"
xpra,"screen for X11, remote access for MS Windows and Mac OS","python, javascript, c",Graphics / Video / Audio / Virtual Reality,"remote-access, video, desktop, seamless"
XWiki,The Advanced Open Source Enterprise Wiki,"java,  javascript,  html5,  css3,  velocity",Web,"web development,  wiki,  platform,  web applications,  structured data"
Zulip Open Source Project,"Powerful, modern, open source team chat, complete with apps for every platform.","python, react native, django, javascript, electron",Social / Communications,"bots, mobile, visual design, chat, great developer tooling"
ZynAddSubFX,An open source musical software synthesizer with a wide range of possibilities," c/c++, ruby, midi, open-sound-control, opengl",Graphics / Video / Audio / Virtual Reality,"audio, digital signal processing,  visualization, music, user experience"
